{"web":{"client_id":"388263901835-musk1qupj6ch1h0b9muupdovnug4rjvv.apps.googleusercontent.com","project_id":"taskwiz-contact","auth_uri":"https://accounts.google.com/o/oauth2/auth","token_uri":"https://oauth2.googleapis.com/token","auth_provider_x509_cert_url":"https://www.googleapis.com/oauth2/v1/certs","client_secret":"GB1dmpk_N2DY3iXzIS33V_NA","redirect_uris":["https://thetaskwiz.com","http://localhost:4200","https://www.thetaskwiz.com","http://localhost:4000/api/getContactList/"],"javascript_origins":["https://www.thetaskwiz.com","https://thetaskwiz.com","http://localhost:4200","http://localhost:4000"]}}